user_id,name,email,location,age,gender,interests
U0001,Melissa Reynolds,fmyers@lopez.net,New Toddview,38,Other,Books
U0002,Kelly Dalton,caleb40@gmail.com,Williamsshire,21,Other,Home Decor
U0003,Katie Garza,perezchristopher@kelly-williams.com,Christopherfort,18,Male,Gadgets
U0004,Alex Lyons,owensjames@hotmail.com,North Jessehaven,41,Other,Beauty
U0005,Peter Jones,kblankenship@yahoo.com,Pollardport,26,Other,Home Decor
U0006,Timothy Kelly,lanceandrews@stone.net,Lake Laura,25,Male,Beauty
U0007,Nancy Douglas,paige61@hotmail.com,West Kimberlychester,25,Other,Fashion
U0008,Shane Copeland,ibryant@willis.biz,Michaelfort,22,Other,Beauty
U0009,Laura Bentley,lbenitez@henry.com,Erinchester,41,Male,Books
U0010,Todd Jackson,jonvance@morales.com,Port Kelly,21,Male,Fitness
U0011,Joshua Williams,russellsalinas@hotmail.com,Wilsonshire,39,Female,Fashion
U0012,Erica Johnson,jenniferluna@yahoo.com,Port Lisa,41,Female,Fashion
U0013,Heather Lowery,morganruben@ford.com,West Maria,35,Female,Books
U0014,David Roberson,ywilliams@webster-murphy.biz,Mitchellton,20,Other,Home Decor
U0015,Samantha Hodges,davisrobert@hoffman-greene.biz,Gonzalezshire,36,Other,Home Decor
U0016,Michael Stevens,knightalison@lindsey.com,Savannahbury,31,Other,Books
U0017,Pamela Hester,gilmoresusan@davis.info,Michaelmouth,19,Male,Gadgets
U0018,Shawn Hardin,gsanchez@reed-huffman.net,Jamesfort,18,Other,Fashion
U0019,David Brown,juarezryan@murphy-flores.net,East Jorgeshire,20,Female,Gadgets
U0020,Rachel Hopkins,theodore71@harrington-francis.info,Saundersport,24,Male,Beauty
U0021,Beverly Thompson,rhouston@gmail.com,West Jasonland,25,Male,Fashion
U0022,Nancy Knight,bill08@yahoo.com,Bryanbury,34,Male,Fashion
U0023,Regina Bartlett,gsanders@nelson.com,Port Brian,37,Female,Gaming
U0024,Angela Hill,egardner@cortez.net,Rileyburgh,18,Female,Fitness
U0025,Eric Herman,stewartmatthew@harris.com,Batesside,35,Female,Home Decor
U0026,Amy Jones,georgemaria@melton.com,Nguyenberg,24,Male,Fashion
U0027,Walter Phillips,larrybailey@gutierrez.com,Port Diane,40,Male,Home Decor
U0028,Samantha Dixon,kim44@yahoo.com,West Jasontown,38,Other,Beauty
U0029,Stacy Hester,estradalisa@daugherty-cross.com,Jasonberg,40,Other,Home Decor
U0030,Kathryn Wiley,progers@walker.com,East Amandabury,35,Female,Gadgets
U0031,Samuel Jones,reyeskirk@hotmail.com,Wallacefort,31,Male,Gadgets
U0032,Emily Smith,christophermason@hotmail.com,Lisamouth,25,Other,Gaming
U0033,Danielle Callahan,derek37@gmail.com,New Jennifer,32,Female,Fitness
U0034,Tyler Jones,mmann@fleming.com,New Ericaview,36,Female,Beauty
U0035,Jill Jackson,frances35@tucker.com,Port Wesleyland,26,Other,Gadgets
U0036,Justin Smith,michael85@gmail.com,New Michaelton,43,Female,Books
U0037,Todd Thomas,melissa14@carey-alexander.org,Monroeville,45,Male,Beauty
U0038,Sherry Thompson,morganleslie@holt.com,North Davidside,18,Female,Home Decor
U0039,Kayla Carrillo,patriciabennett@garcia-shepherd.com,Port Danielview,42,Male,Beauty
U0040,Tiffany Wagner,imurphy@davidson.com,East Catherine,43,Male,Fitness
U0041,Cody Chandler,johnphillips@yahoo.com,East Charles,23,Other,Gadgets
U0042,Brandon Johnson,willislisa@miller.com,Johnchester,40,Other,Beauty
U0043,Mrs. Brittney Scott,lindsey82@owens.info,Ginaborough,31,Other,Home Decor
U0044,Jesse Hughes,spencer49@hotmail.com,Karenbury,28,Female,Gaming
U0045,Joshua Lynch,emoss@williamson-keller.com,Smithmouth,26,Other,Gaming
U0046,Michael Bender,dawnthomas@gmail.com,Stephanieborough,22,Other,Gadgets
U0047,William Harris,erikaroberson@gmail.com,Kathleenhaven,24,Female,Gaming
U0048,Angela Fritz,kathy35@lewis-mckee.com,Travisberg,42,Other,Books
U0049,Jennifer Lopez,jandrade@swanson.org,Ericton,28,Female,Fitness
U0050,Mr. Donald Spencer,cynthiabrown@frey.com,New Staceyport,21,Female,Gaming
U0051,David Powell,hillthomas@yahoo.com,Port Alisontown,20,Male,Gaming
U0052,Tyler Steele,mitchellsmith@yahoo.com,South Deanbury,30,Male,Books
U0053,John Gilmore,emarks@williams.com,East Martinside,21,Other,Fitness
U0054,Lawrence Hart,kiaramartin@parker.com,Port Williamview,29,Female,Beauty
U0055,Robert Alvarado,mannangela@olson-jones.net,South Robert,45,Male,Fitness
U0056,Tara Thomas,david48@hotmail.com,East Jamesview,29,Male,Fashion
U0057,Edgar Jacobs,bgonzales@yahoo.com,Jefferybury,37,Male,Gadgets
U0058,William Williams,nlucas@gmail.com,Port Marie,26,Male,Gadgets
U0059,Matthew Lane,sheliamartin@hotmail.com,Port Alejandro,43,Other,Fashion
U0060,Margaret Carter,carolinerollins@avila.org,East Anthonyton,19,Male,Books
U0061,John Schaefer,gonzalessamantha@roth.biz,Port Jenniferside,41,Other,Fashion
U0062,Angela Lopez,tracy43@yahoo.com,North Corey,32,Female,Beauty
U0063,Ralph Brown,hhorton@beasley.org,New Jeanette,35,Other,Beauty
U0064,Denise Ramsey,tiffanymoore@harris.com,Port Mark,21,Male,Gadgets
U0065,Tiffany Barker,ureyes@yahoo.com,Vickiborough,30,Female,Beauty
U0066,Joyce Wallace,patrickmichael@yahoo.com,Dawnton,20,Female,Gadgets
U0067,Matthew Dyer,ssmith@yahoo.com,Christophermouth,35,Other,Fashion
U0068,Mr. Robert Jones,jonesalexandra@villa.com,South Sarah,27,Female,Fashion
U0069,Mark Davis,amy15@nelson.org,East Jamesmouth,44,Other,Gaming
U0070,Erin Smith,brent82@hamilton-flores.com,Mikaylaville,38,Female,Gaming
U0071,Dr. Valerie Murillo,chasematthew@hotmail.com,Patriciaton,37,Other,Fashion
U0072,Cheyenne Davis,mccarthyjose@miller.biz,East Maria,45,Male,Gadgets
U0073,Brian Romero,angela47@gmail.com,Lake Melanie,29,Other,Fashion
U0074,Joseph Powell,nlowe@cole.com,East Victoriaville,36,Other,Fashion
U0075,Amy Grant,jefferycross@hall.org,Lake Amybury,24,Male,Home Decor
U0076,Michael Keller,robinsonjeremy@khan.com,Travismouth,40,Other,Books
U0077,Ricky Payne,jessicahenry@hotmail.com,Gonzalezville,20,Other,Fashion
U0078,Bruce Perez,garciaandrew@taylor.biz,South Nicholeburgh,19,Female,Beauty
U0079,Steven Wiley,nstewart@evans-cabrera.com,Lake Sarahhaven,39,Other,Gadgets
U0080,Steven Baldwin,vjackson@baker.net,East Brookehaven,25,Female,Books
U0081,Taylor Newton,adam07@hotmail.com,North Jamie,42,Male,Gaming
U0082,Rhonda Morrow,jessica91@brown.com,Philipville,27,Female,Fitness
U0083,Angela Ramirez,fsmith@hotmail.com,Mooretown,20,Female,Gadgets
U0084,Robert Trevino,jimenezmichael@williams-carter.org,Chrisfurt,45,Male,Beauty
U0085,Andrew Terrell,grayteresa@yahoo.com,Smithbury,25,Female,Gadgets
U0086,Adam Smith,sturner@yahoo.com,Port Matthewton,45,Male,Gaming
U0087,Gabrielle Ray,brianstewart@herring-diaz.biz,North Benjamintown,21,Other,Beauty
U0088,Matthew Moreno,melissa96@barnes-reynolds.com,Mahoneyborough,30,Other,Beauty
U0089,Barbara Waller,jordan94@gmail.com,Port Timothy,26,Female,Fitness
U0090,Joseph Edwards DVM,thomaskara@king-sanchez.com,Christinetown,32,Other,Gadgets
U0091,Sophia Williamson,fryjamie@brown-stark.biz,New Curtis,38,Male,Home Decor
U0092,Christopher Rodgers,randy06@schneider-robertson.com,North Jeffrey,44,Other,Fitness
U0093,Michele Dunlap,hannahalexander@hotmail.com,West William,29,Male,Home Decor
U0094,Dr. Mary Francis,smallbrian@wilson.net,New Tanyastad,23,Other,Fitness
U0095,Christopher Gross,barrettmichael@gmail.com,Donaldmouth,29,Female,Gadgets
U0096,Olivia Mitchell,chad32@yahoo.com,Odonnellbury,29,Other,Fashion
U0097,Kevin Munoz,amystevens@adams-malone.com,Kellyfurt,24,Other,Fashion
U0098,Caitlin Stevens,kimberly09@yahoo.com,South Lauramouth,39,Other,Gaming
U0099,Michael Campbell,william61@gmail.com,Bartlettborough,26,Male,Fitness
U0100,Xavier Roberts,xroberts@barber-lee.com,Alfredchester,40,Male,Books
